Tolerance,Accuracy,Precision,Recall,F1_Score
0.4,1.0,1.0,1.0,1.0
0.5,0.75,0.75,1.0,0.8571428571428571
0.6,0.625,0.625,1.0,0.7692307692307693
